id,categorie,categorie_slug,niche,status,prioriteit,fit,upsell,zoektermen,nace,notities
1,Industrie & productie,01-industrie-en-productie,Machinebouw & industriële automatisering,kandidaat,,"Technische, kapitaalkrachtige KMO's; zaakvoerder vaak weinig digitaal-mee; sterke nood aan online geloofwaardigheid bij internationale klanten.",Bedrijfswebsite + portfolio | Backend/orderbeheer | Klantportaal | BI-dashboard productie,machinebouw automatisering bedrijf Vlaanderen | industriële automatisering KMO België,28.99 / 33.20,
2,Industrie & productie,01-industrie-en-productie,Metaalbewerking & verspaning (CNC),kandidaat,,Onderaannemers met B2B-klanten die online betrouwbaar moeten ogen; offerteflow is vaak chaotisch.,Website | Offerte-/aanvraagsysteem | Backend werkbonbeheer,CNC verspaning bedrijf Vlaanderen | metaalbewerking onderaanneming België,25.62,
3,Industrie & productie,01-industrie-en-productie,Lasbedrijven & staalconstructie,kandidaat,,"Projectgedreven, groeiende ploegen; website matcht vaak niet met kwaliteit van het werk.",Website + realisaties | Projectopvolging backend | Lead magnet (staalcalculator),staalconstructie bedrijf Vlaanderen | lasbedrijf constructiewerken België,25.11 / 25.62,
4,Industrie & productie,01-industrie-en-productie,Verpakkingsbedrijven & verpakkingsmachines,kandidaat,,Industriële niche met internationale klanten; professionele uitstraling weegt zwaar.,Website meertalig | Productcatalogus backend | Klantportaal bestellingen,verpakkingsbedrijf Vlaanderen | verpakkingsmachines fabrikant België,82.92 / 28.93,
5,Industrie & productie,01-industrie-en-productie,Kunststofverwerking & spuitgieten,kandidaat,,"Technische maakindustrie; weinig marketingfocus, veel upsell-potentieel in systemen.",Website | Productieplanning backend | BI-dashboard,kunststofverwerking spuitgieten Vlaanderen | plastic spuitgieten bedrijf België,22.29,
6,Industrie & productie,01-industrie-en-productie,Matrijzen- & gereedschapsbouw,kandidaat,,"Hooggespecialiseerd, B2B-toeleverancier; sterke baat bij online vindbaarheid en cases.",Website + cases | Offertesysteem | Klantportaal,matrijzenbouw bedrijf Vlaanderen | gereedschapsbouw toolmaker België,25.73,
7,Industrie & productie,01-industrie-en-productie,Industrieel onderhoud & technische diensten,kandidaat,,Service-gedreven met terugkerende klanten; planning en interventiebeheer schreeuwen om software.,Website | Interventie-/ticketsysteem backend | Klantportaal,industrieel onderhoud technische diensten Vlaanderen | industriële maintenance bedrijf België,33.12 / 33.20,
8,Industrie & productie,01-industrie-en-productie,"Productie bouwmaterialen (beton, prefab)",kandidaat,,Zware industrie met B2B-afnemers; vaak verouderde online aanwezigheid.,Website | Productcatalogus | Bestel-/offerteportaal,prefab beton fabrikant Vlaanderen | bouwmaterialen producent België,23.61 / 23.63,
9,Industrie & productie,01-industrie-en-productie,Houtverwerking & industriële schrijnwerk,kandidaat,,Maakbedrijven met groeiende ploegen; visueel werk dat online sterk kan converteren.,Website + realisaties | Offertesysteem op maat | Backend projectbeheer,industriële schrijnwerkerij Vlaanderen | houtverwerkend bedrijf België,16.23,
10,Industrie & productie,01-industrie-en-productie,Technisch textiel & non-food textielproductie,kandidaat,,Halal-conforme productieniche; B2B-leveranciers met internationale ambities.,Website meertalig | Productcatalogus backend | Klantportaal,technisch textiel producent Vlaanderen | textielbedrijf B2B België,13.96,
11,Groothandel & distributie,02-groothandel-en-distributie,Technische groothandels (industriële toebehoren),kandidaat,,"Veel SKU's, B2B-klanten; ideale fit voor webshop + klantportaal + voorraad-BI.",B2B-webshop | Klantportaal met prijzen | BI-dashboard voorraad/omzet,technische groothandel industriële toebehoren Vlaanderen | groothandel machineonderdelen België,46.69 / 46.74,
12,Groothandel & distributie,02-groothandel-en-distributie,Bouwmaterialen groothandel,kandidaat,,Grote B2B-volumes; aannemers willen online bestellen en voorraad zien.,B2B-webshop | Offerte-/bestelportaal | BI-dashboard,groothandel bouwmaterialen Vlaanderen | bouwmaterialen leverancier België,46.73,
13,Groothandel & distributie,02-groothandel-en-distributie,Elektromateriaal groothandel,kandidaat,,Installateurs als vaste klanten; sterke nood aan klantportaal en snelle bestelflow.,B2B-webshop | Klantportaal | CRM,groothandel elektromateriaal Vlaanderen | elektrotechnische groothandel België,46.69,
14,Groothandel & distributie,02-groothandel-en-distributie,Sanitair & verwarming groothandel,kandidaat,,Loodgieters/HVAC als afnemers; offerte- en bestelsystemen besparen veel telefoonwerk.,B2B-webshop | Offertesysteem | Klantportaal,groothandel sanitair verwarming Vlaanderen | sanitair groothandel België,46.73 / 46.74,
15,Groothandel & distributie,02-groothandel-en-distributie,Groothandel in machines & gereedschap,kandidaat,,Technische verkoop; cases en specs online maken het verschil.,Website + catalogus | Offertesysteem | Klantportaal,groothandel machines gereedschap Vlaanderen | machinehandel B2B België,46.62 / 46.69,
16,Groothandel & distributie,02-groothandel-en-distributie,Groothandel in verpakkingsmateriaal,kandidaat,,Herhaalaankopen; webshop + herbestel-flow verhoogt omzet direct.,B2B-webshop | Herbestelportaal | BI-dashboard,groothandel verpakkingsmateriaal Vlaanderen | verpakkingen leverancier B2B België,46.76,
17,Groothandel & distributie,02-groothandel-en-distributie,Groothandel industriële chemie (non-haram),kandidaat,,Halal-conform gefilterd; technische B2B-niche met dossier-/veiligheidsbeheer.,Website | Documentportaal (SDS) | Bestelsysteem,groothandel industriële chemie Vlaanderen | chemische producten B2B leverancier België,46.75,
18,Groothandel & distributie,02-groothandel-en-distributie,Voedingsgroothandel (halal-conform),kandidaat,,Enkel halal-conforme segmenten (geen varken/alcohol); B2B-afnemers willen online bestellen.,B2B-webshop | Klantportaal | Routeplanning backend,halal voedingsgroothandel Vlaanderen | foodservice groothandel B2B België,46.38 / 46.39,
19,Transport & logistiek,03-transport-en-logistiek,Transportbedrijven (wegtransport goederen),kandidaat,,"Operationeel zwaar; weinig marketing, veel nood aan klantportaal en track & trace.",Website | Klantportaal track & trace | BI-dashboard ritten,transportbedrijf wegtransport Vlaanderen | goederentransport KMO België,49.41,
20,Transport & logistiek,03-transport-en-logistiek,"Logistiek, warehousing & fulfilment",kandidaat,,Schaalt snel; e-commerceklanten verwachten dashboards en API-koppelingen.,Website | Klant-dashboard voorraad | Fulfilment-backend,logistiek fulfilment bedrijf Vlaanderen | warehousing dienstverlener België,52.10,
21,Transport & logistiek,03-transport-en-logistiek,Koeriers- & expeditiebedrijven,kandidaat,,Tijdkritisch; online boeken en opvolgen is een directe verkoophefboom.,Website | Online boekingssysteem | Klantportaal,koeriersdienst expeditie Vlaanderen | expresvervoer bedrijf België,53.20,
22,Transport & logistiek,03-transport-en-logistiek,Containerverhuur & afvalcontainers,kandidaat,,Lokale B2B/B2C-mix; online container bestellen verlaagt telefoondruk fors.,Website | Online bestel-/boekingssysteem | Planning backend,containerverhuur afvalcontainer Vlaanderen | containerdienst bedrijf België,38.11 / 77.39,
23,Transport & logistiek,03-transport-en-logistiek,Verhuisbedrijven (kantoor & B2B),kandidaat,,Offerte-intensief; online intake en planning besparen veel tijd.,Website | Online offerte-/intakeformulier | Planning backend,verhuisbedrijf kantoorverhuis Vlaanderen | professionele verhuizers België,49.42,
24,Transport & logistiek,03-transport-en-logistiek,Internationale expeditie & douane,kandidaat,,Specialistische B2B-niche; vertrouwen en meertaligheid online wegen zwaar.,Website meertalig | Klantportaal documenten | CRM,douane-expediteur Vlaanderen | internationale expeditie bedrijf België,52.29,
25,Bouw & technische installatie,04-bouw-en-technische-installatie,Algemene aannemers (utiliteitsbouw),kandidaat,,"Grotere ploegen, B2B-projecten; portfolio en aanvraagflow zijn directe omzetdrijvers.",Website + realisaties | Offerteaanvraag-systeem | Projectopvolging backend,algemene aannemer utiliteitsbouw Vlaanderen | bouwbedrijf KMO België,41.20,
26,Bouw & technische installatie,04-bouw-en-technische-installatie,Dakwerkers,kandidaat,,Bestaande BelgaLink-asset (salespagina + cold-call offer); zaakvoerders weinig digitaal-mee.,Website + realisaties | Lead magnet (dakcheck) | Offertesysteem,dakwerken bedrijf Vlaanderen | dakwerker professioneel België,43.91,
27,Bouw & technische installatie,04-bouw-en-technische-installatie,HVAC & klimaatinstallatie,kandidaat,,Onderhoudscontracten = terugkerende omzet; planning- en servicesoftware loont.,Website | Onderhoudscontract-portaal | Interventieplanning backend,HVAC klimaatinstallatie bedrijf Vlaanderen | klimatisatie installateur België,43.22,
28,Bouw & technische installatie,04-bouw-en-technische-installatie,Koeltechniek,kandidaat,,Technische B2B-niche met servicecontracten; sterke fit voor interventiebeheer.,Website | Interventie-/ticketsysteem | Klantportaal,koeltechniek bedrijf Vlaanderen | industriële koeling installateur België,43.22 / 33.12,
29,Bouw & technische installatie,04-bouw-en-technische-installatie,Elektrotechnische installatie (industrieel),kandidaat,,Projectgedreven met groeiende ploegen; offerte- en planningsystemen besparen tijd.,Website | Offerte-/projectsysteem | Backend werkbonnen,elektrotechnische installatie industrieel Vlaanderen | industriële elektriciteit bedrijf België,43.21,
30,Bouw & technische installatie,04-bouw-en-technische-installatie,Sanitair & loodgieterij (grotere teams),kandidaat,,Vanaf 3-5 medewerkers; online afspraak/offerte verhoogt aanvragen meteen.,Website | Online offerte-/afspraaksysteem | Planning backend,sanitair loodgieter bedrijf Vlaanderen | loodgieterij meerdere medewerkers België,43.22,
31,Bouw & technische installatie,04-bouw-en-technische-installatie,Isolatiebedrijven,kandidaat,,Premiegedreven vraag; lead magnets (premie-/besparingscheck) werken sterk.,Website | Lead magnet (premiecheck) | Offertesysteem,isolatiebedrijf Vlaanderen | dak- en gevelisolatie bedrijf België,43.29,
32,Bouw & technische installatie,04-bouw-en-technische-installatie,Zonnepanelen-installateurs,kandidaat,,Bestaande referentie; hoge concurrentie maakt sterke site + leadflow cruciaal.,Website | Lead magnet (besparingscalculator) | Offerte-/planningsysteem,zonnepanelen installateur Vlaanderen | fotovoltaïsche installatie bedrijf België,43.21,
33,Bouw & technische installatie,04-bouw-en-technische-installatie,Liften & roltrappen (installatie/onderhoud),kandidaat,,"Door Diederick genoemd; onderhoudscontracten en B2B-vastgoedklanten, weinig marketing.",Website | Onderhoudscontract-portaal | Interventieplanning backend,liften roltrappen installatie onderhoud Vlaanderen | liftenbedrijf België,43.29 / 33.12,
34,Bouw & technische installatie,04-bouw-en-technische-installatie,Industriële poorten & toegangstechniek,kandidaat,,Technische B2B-niche met service; online configuratie en service-portaal lonen.,Website | Product-/configuratietool | Service-portaal,industriële poorten toegangstechniek Vlaanderen | sectionaalpoorten bedrijf B2B België,43.32 / 43.29,
35,Bouw & technische installatie,04-bouw-en-technische-installatie,Grondwerken & wegenis,kandidaat,,Projectaannemers; portfolio en aanvraagflow versterken B2B-positie.,Website + realisaties | Offerteaanvraag-systeem | Projectplanning backend,grondwerken wegenis aannemer Vlaanderen | grondwerker infrastructuur België,42.11 / 43.12,
36,Bouw & technische installatie,04-bouw-en-technische-installatie,Tuinaanleg & groenvoorziening (B2B),kandidaat,,Grotere groenbedrijven met B2B-contracten; visueel werk converteert online sterk.,Website + realisaties | Offerte-/onderhoudscontract-systeem | Planning backend,tuinaanleg groenvoorziening bedrijf Vlaanderen | professioneel groenbeheer België,81.30,
37,Bouw & technische installatie,04-bouw-en-technische-installatie,Schilder- & afwerkingsbedrijven (groter),kandidaat,,Vanaf enkele ploegen; B2B/projectwerk met nood aan offerte- en planningsysteem.,Website + realisaties | Offertesysteem | Planning backend,schilderbedrijf afwerking Vlaanderen | professionele schilderwerken B2B België,43.34,
38,Bouw & technische installatie,04-bouw-en-technische-installatie,Vloer- & tegelwerken (groter),kandidaat,,Visueel werk; portfolio + offerteflow zijn directe conversiehefbomen.,Website + realisaties | Offertesysteem | Backend projectbeheer,vloerderij tegelwerken bedrijf Vlaanderen | professionele vloer- en tegelwerken België,43.33,
39,Bouw & technische installatie,04-bouw-en-technische-installatie,Brandbeveiliging & sprinklerinstallatie,kandidaat,,"Wettelijk gedreven, contractueel; service-portaal en keuringbeheer lonen.",Website | Service-/keuringsportaal | CRM,brandbeveiliging sprinklerinstallatie Vlaanderen | brandbeveiliging bedrijf B2B België,43.29 / 80.20,
40,Bouw & technische installatie,04-bouw-en-technische-installatie,Beveiligingsinstallatie (camera & alarm),kandidaat,,B2B-vastgoed/industrie; abonnementen en monitoring vragen om een klantportaal.,Website | Klant-/monitoringportaal | CRM,camerabewaking alarmsystemen installateur Vlaanderen | beveiligingsfirma B2B België,80.20 / 43.21,
41,Zakelijke diensten & consultancy,05-zakelijke-diensten-en-consultancy,Boekhoud- & accountancykantoren,kandidaat,,Door Diederick genoemd; klantportalen en documentuitwisseling zijn een sterke upsell.,Website | Klantportaal documenten | CRM/leadbeheer,boekhoudkantoor accountancy Vlaanderen | accountantskantoor KMO België,69.20,
42,Zakelijke diensten & consultancy,05-zakelijke-diensten-en-consultancy,Fiscaal & bedrijfsadvies,kandidaat,,Vertrouwensberoep; autoriteit-website + lead magnets (whitepapers) werken sterk.,Website autoriteit | Lead magnet (fiscale gids) | CRM,fiscaal adviseur bedrijfsadvies Vlaanderen | fiscaal advieskantoor België,69.20 / 70.22,
43,Zakelijke diensten & consultancy,05-zakelijke-diensten-en-consultancy,Verzekeringskantoren (halal-conform),kandidaat,,Enkel halal-conforme makelaars; CRM + lead magnets voor offerteaanvragen.,Website | Offerte-/leadformulieren | CRM,verzekeringsmakelaar kantoor Vlaanderen | verzekeringskantoor KMO België,66.22,
44,Zakelijke diensten & consultancy,05-zakelijke-diensten-en-consultancy,Sociale secretariaten & payroll,kandidaat,,B2B-dienstverlening met portalen; sterke fit voor klant- en documentportaal.,Website | Klantportaal | CRM,sociaal secretariaat payroll Vlaanderen | loonadministratie dienstverlener België,69.20 / 78.30,
45,Zakelijke diensten & consultancy,05-zakelijke-diensten-en-consultancy,HR- & rekruteringsbureaus,kandidaat,,Lead- en kandidaatstromen; vacatureportaal + CRM zijn kernsystemen.,Website + vacatureportaal | Kandidaat-/klant-CRM | Lead magnet,rekruteringsbureau HR Vlaanderen | wervingsbureau B2B België,78.10 / 78.30,
46,Zakelijke diensten & consultancy,05-zakelijke-diensten-en-consultancy,Vertaalbureaus,kandidaat,,Door Diederick genoemd; online offerte/upload-flow verkort de salescyclus sterk.,Website meertalig | Online offerte-/uploadsysteem | Klantportaal,vertaalbureau Vlaanderen | professionele vertaaldiensten B2B België,74.30,
47,Zakelijke diensten & consultancy,05-zakelijke-diensten-en-consultancy,Advocaten- & notariskantoren,kandidaat,,Vertrouwensberoep; professionele site + beveiligd documentportaal verhogen autoriteit.,Website autoriteit | Beveiligd documentportaal | Afspraaksysteem,advocatenkantoor Vlaanderen | notariskantoor KMO België,69.10,
48,Zakelijke diensten & consultancy,05-zakelijke-diensten-en-consultancy,Bedrijfsrevisoren & audit,kandidaat,,Hoogwaardige B2B-niche; autoriteit-website + portaal voor dossiers.,Website autoriteit | Klantportaal dossiers | CRM,bedrijfsrevisor audit kantoor Vlaanderen | revisorenkantoor B2B België,69.20,
49,Zakelijke diensten & consultancy,05-zakelijke-diensten-en-consultancy,"Managementconsultancy (kleine, toegankelijke firms)",kandidaat,,Door Diederick genoemd; thought-leadership site + lead magnets = leadmotor.,Website autoriteit | Lead magnet (assessment) | CRM,managementconsultancy adviesbureau Vlaanderen | bedrijfsconsultant KMO België,70.22,
50,Zakelijke diensten & consultancy,05-zakelijke-diensten-en-consultancy,Marketing- & communicatiebureaus (non-haram),kandidaat,,Digitaal-mature partners voor co-creatie; nood aan eigen sterke site + portaal.,Website portfolio | Klantportaal/projectopvolging | CRM,communicatiebureau marketingbureau Vlaanderen | B2B marketing agency België,73.11 / 70.21,
51,Engineering & studiebureaus,06-engineering-en-studie,Ingenieurs- & studiebureaus (bouw/stabiliteit),kandidaat,,Door Diederick genoemd; technisch sterk maar online zwak — grote upsell in systemen.,Website + projecten | Projectportaal | Documentbeheer backend,studiebureau stabiliteit ingenieursbureau Vlaanderen | engineering bouw KMO België,71.12,
52,Engineering & studiebureaus,06-engineering-en-studie,Architectenbureaus,kandidaat,,Visueel werk dat online sterk converteert; portfolio + klantportaal lonen.,Website portfolio | Klantportaal plannen | Offerte-/intakesysteem,architectenbureau Vlaanderen | architect KMO B2B België,71.11,
53,Engineering & studiebureaus,06-engineering-en-studie,Landmeters & geodeten,kandidaat,,Technische B2B-niche; online aanvraag + dossierportaal versnellen de flow.,Website | Online aanvraagsysteem | Dossierportaal,landmeter geodeet bureau Vlaanderen | landmeetkundig bureau België,71.12,
54,Engineering & studiebureaus,06-engineering-en-studie,EPB- & energieadviesbureaus,kandidaat,,Premie-/regelgevingsgedreven; lead magnets (energiescan) werken sterk.,Website | Lead magnet (energiescan) | Dossier-/klantportaal,EPB-verslaggever energieadvies Vlaanderen | energieadviesbureau België,71.20 / 74.90,
55,Engineering & studiebureaus,06-engineering-en-studie,Veiligheidscoördinatie & preventie,kandidaat,,Wettelijk gedreven B2B-dienst; dossier- en planningsoftware loont sterk.,Website | Dossier-/planningportaal | CRM,veiligheidscoördinatie preventieadviseur Vlaanderen | veiligheidscoördinator bouw België,74.90 / 71.20,
56,Engineering & studiebureaus,06-engineering-en-studie,Industriële ontwerp- & engineeringbureaus,kandidaat,,Hoogwaardige B2B-niche; cases en meertalige site versterken internationale positie.,Website meertalig + cases | Projectportaal | Documentbeheer,industrieel ontwerp engineering bureau Vlaanderen | product engineering B2B België,71.12 / 74.10,
57,IT & tech,07-it-en-tech,IT-diensten & systeembeheer (MSP),kandidaat,,"Door Diederick genoemd; digitaal-mature klant, maar eigen site/portaal vaak verwaarloosd.",Website | Ticket-/klantportaal | CRM,IT-diensten systeembeheer MSP Vlaanderen | managed services provider KMO België,62.02 / 62.09,
58,IT & tech,07-it-en-tech,Softwarebedrijven (kleine B2B SaaS),kandidaat,,Co-creatie- en doorverwijspartners; sterke fit voor marketingsite + leadflow.,Website/marketingsite | Lead magnet (demo/trial) | CRM,softwarebedrijf B2B SaaS Vlaanderen | software ontwikkelaar KMO België,62.01,
59,IT & tech,07-it-en-tech,Telecom- & netwerkinstallatie,kandidaat,,B2B-installateurs met contracten; service-portaal en CRM lonen.,Website | Service-/klantportaal | CRM,telecom netwerkinstallatie bedrijf Vlaanderen | netwerkbekabeling installateur België,61.10 / 43.21,
60,IT & tech,07-it-en-tech,Cybersecurity-bedrijven,kandidaat,,Vertrouwen + autoriteit cruciaal; lead magnets (security scan) werken sterk.,Website autoriteit | Lead magnet (security scan) | CRM,cybersecurity bedrijf Vlaanderen | IT-beveiliging dienstverlener B2B België,62.02 / 62.09,
61,IT & tech,07-it-en-tech,Datacenters & hosting (kleinere spelers),kandidaat,,Technisch B2B; klantportaal + statusdashboards zijn kernsystemen.,Website | Klant-/statusportaal | BI-dashboard,datacenter hosting provider Vlaanderen | hostingbedrijf B2B België,63.11,
62,Medisch & paramedisch (non-cosmetisch),08-medisch-en-paramedisch,Tandartspraktijken (groepspraktijk),kandidaat,,Vanaf meerdere behandelaars; online afspraak + patiëntportaal verhogen instroom.,Website | Online afspraaksysteem | Patiëntportaal,tandarts groepspraktijk Vlaanderen | tandartsenpraktijk meerdere artsen België,86.23,
63,Medisch & paramedisch (non-cosmetisch),08-medisch-en-paramedisch,Kinesitherapie-groepspraktijken,kandidaat,,Teampraktijken; online boeken en patiëntopvolging zijn directe verbeteringen.,Website | Online boekingssysteem | Patiëntportaal,kinesitherapie groepspraktijk Vlaanderen | kine praktijk meerdere therapeuten België,86.90,
64,Medisch & paramedisch (non-cosmetisch),08-medisch-en-paramedisch,Podologie & orthopedie (praktijken),kandidaat,,Paramedische niche met afspraakflow; online boeken verhoogt instroom.,Website | Online afspraaksysteem | Patiëntportaal,podologie praktijk Vlaanderen | orthopedie podoloog praktijk België,86.90,
65,Medisch & paramedisch (non-cosmetisch),08-medisch-en-paramedisch,Medische labo's & beeldvorming,kandidaat,,B2B/B2C-mix met verwijzers; resultaten- en afspraakportaal lonen.,Website | Afspraak-/resultatenportaal | Verwijzersportaal,medisch labo beeldvorming Vlaanderen | klinisch laboratorium B2B België,86.90,
66,Medisch & paramedisch (non-cosmetisch),08-medisch-en-paramedisch,Dierenartsenpraktijken,kandidaat,,Door Diederick genoemd; online afspraak + klantportaal verhogen klantbinding.,Website | Online afspraaksysteem | Klant-/dierportaal,dierenartsenpraktijk Vlaanderen | dierenkliniek meerdere artsen België,75.00,
67,Medisch & paramedisch (non-cosmetisch),08-medisch-en-paramedisch,Thuisverpleging-organisaties,kandidaat,,Operationeel zwaar; planning- en patiëntopvolging schreeuwen om software.,Website | Planning-/rooster backend | Patiënt-/familieportaal,thuisverpleging organisatie Vlaanderen | thuisverpleegkundigen team België,86.90 / 88.10,
68,Medisch & paramedisch (non-cosmetisch),08-medisch-en-paramedisch,Medische hulpmiddelen & orthopedische technologie,kandidaat,,B2B-leveranciers met voorschriftflow; bestel- en dossierportaal lonen.,Website | Bestel-/dossierportaal | CRM,medische hulpmiddelen orthopedische technologie Vlaanderen | bandagist orthopedie B2B België,32.50 / 47.74,
69,Vakmannen & technische KMO's (grotere teams),09-vakmannen-en-technische-kmo,Schrijnwerkerijen & interieurbouw (maatwerk),kandidaat,,Visueel maatwerk; portfolio + offerteconfigurator zijn sterke conversiehefbomen.,Website + realisaties | Offerte-/configuratietool | Projectopvolging backend,schrijnwerkerij interieurbouw maatwerk Vlaanderen | maatmeubel interieurbouwer België,16.23 / 43.32,
70,Vakmannen & technische KMO's (grotere teams),09-vakmannen-en-technische-kmo,Bandencentrales & autotechniek (B2B/vloot),kandidaat,,Vlootcontracten = terugkerende B2B-omzet; online afspraak en vlootbeheer lonen.,Website | Online afspraaksysteem | Vloot-/klantportaal,bandencentrale autotechniek vloot Vlaanderen | bandenservice B2B fleet België,45.20,
71,Vakmannen & technische KMO's (grotere teams),09-vakmannen-en-technische-kmo,Garages & carrosserie (vlootonderhoud),kandidaat,,BelgaLink heeft al een garage-backend gebouwd; bewezen fit voor beheersystemen.,Website | Online afspraak-/intakesysteem | Wagenpark-/werkplaats backend,garage carrosserie vlootonderhoud Vlaanderen | autogarage fleet B2B België,45.20,
72,Vakmannen & technische KMO's (grotere teams),09-vakmannen-en-technische-kmo,Schoonmaakbedrijven (industrieel/kantoor),kandidaat,,Contractgedreven B2B; offerte- en planningsystemen besparen veel administratie.,Website | Offerte-/contractsysteem | Planning-/rooster backend,industriële schoonmaak kantoorschoonmaak Vlaanderen | schoonmaakbedrijf B2B contract België,81.21 / 81.22,
73,Vakmannen & technische KMO's (grotere teams),09-vakmannen-en-technische-kmo,"Gevel-, ruiten- & industriële reiniging",kandidaat,,Gespecialiseerde B2B-reiniging met contracten; online offerte en planning lonen.,Website | Offertesysteem | Planning backend,gevelreiniging ruitenwasserij industrieel Vlaanderen | industriële reiniging bedrijf België,81.22 / 81.29,
74,Vakmannen & technische KMO's (grotere teams),09-vakmannen-en-technische-kmo,Ontstoppings- & rioleringsdiensten,kandidaat,,Urgentiegedreven; online aanvraag + 24/7-flow zetten direct aanvragen om.,Website | Online aanvraag-/interventiesysteem | Planning backend,ontstopping riolering bedrijf Vlaanderen | rioolreiniging dienst België,37.00 / 81.29,
75,Vakmannen & technische KMO's (grotere teams),09-vakmannen-en-technische-kmo,Drukkerijen & grafische bedrijven,kandidaat,,Door Diederick genoemd; online bestel-/offerteportaal verkort de salescyclus sterk.,Website | Online bestel-/offerteportaal | Klant-/orderbeheer backend,drukkerij grafisch bedrijf Vlaanderen | professionele drukkerij B2B België,18.12 / 18.13,
